event_id,state_event,Datetime Event Began,Datetime Restoration,Event Type,fips,state,county,start_time,duration,end_time,min_customers,max_customers,mean_customers
New Hampshire-1,New Hampshire,2014-11-26 17:50:00,2014-11-28 07:00:00,Severe Weather - Winter Storm,33013,New Hampshire,Merrimack,2014-11-26 19:45:00,97.0,2014-11-30 20:45:00,344,61747,23250.703608247422
Maine-1,Maine,2014-11-26 17:50:00,2014-11-28 07:00:00,Severe Weather - Winter Storm,23023,Maine,Sagadahoc,2014-11-26 18:45:00,72.75,2014-11-29 19:30:00,233,12811,4003.996563573883
Maine-1,Maine,2014-11-26 17:50:00,2014-11-28 07:00:00,Severe Weather - Winter Storm,23005,Maine,Cumberland,2014-11-26 20:30:00,70.5,2014-11-29 19:00:00,243,28238,9263.070921985816
Maine-1,Maine,2014-11-26 17:50:00,2014-11-28 07:00:00,Severe Weather - Winter Storm,23031,Maine,York,2014-11-26 20:45:00,70.5,2014-11-29 19:15:00,291,42304,14284.017730496455
Massachusetts-1,Massachusetts,2014-11-26 17:50:00,2014-11-28 07:00:00,Severe Weather - Winter Storm,25011,Massachusetts,Franklin,2014-11-26 18:45:00,70.5,2014-11-29 17:15:00,233,14345,5074.652482269504
Maine-1,Maine,2014-11-26 17:50:00,2014-11-28 07:00:00,Severe Weather - Winter Storm,23015,Maine,Lincoln,2014-11-26 22:15:00,66.5,2014-11-29 16:45:00,219,10979,4868.533834586467
Massachusetts-1,Massachusetts,2014-11-26 17:50:00,2014-11-28 07:00:00,Severe Weather - Winter Storm,25027,Massachusetts,Worcester,2014-11-26 18:00:00,55.75,2014-11-29 01:45:00,318,8058,2766.6860986547085
Massachusetts-1,Massachusetts,2014-11-26 17:50:00,2014-11-28 07:00:00,Severe Weather - Winter Storm,25003,Massachusetts,Berkshire,2014-11-26 18:15:00,55.5,2014-11-29 01:45:00,222,15335,4168.923423423424
Maine-0,Maine,2014-11-02 13:46:00,2014-11-02 13:46:00,Severe Weather - Winter Storm,23013,Maine,Knox,2014-11-02 14:00:00,51.75,2014-11-04 17:45:00,309,20497,16330.565217391304
New Hampshire-1,New Hampshire,2014-11-26 17:50:00,2014-11-28 07:00:00,Severe Weather - Winter Storm,33005,New Hampshire,Cheshire,2014-11-26 18:15:00,51.5,2014-11-28 21:45:00,449,8691,5469.5291262135925
Washington-6,Washington,2015-08-29 11:00:00,2015-09-04 15:00:00,Severe Weather,53073,Washington,Whatcom,2015-08-29 17:00:00,114.0,2015-09-03 11:00:00,345,54372,14483.320175438597
Washington-6,Washington,2015-08-29 11:00:00,2015-09-04 15:00:00,Severe Weather,53057,Washington,Skagit,2015-08-29 14:00:00,109.75,2015-09-03 03:45:00,311,22502,7223.282460136675
Washington-10,Washington,2015-08-29 13:00:00,2015-08-31 07:00:00,Severe Weather,53057,Washington,Skagit,2015-08-29 14:00:00,109.75,2015-09-03 03:45:00,311,22502,7223.282460136675
Michigan-4,Michigan,2015-12-24 03:00:00,2015-12-26 00:00:00,Severe Weather,26129,Michigan,Ogemaw,2015-12-24 08:15:00,108.25,2015-12-28 20:30:00,231,9196,3456.482678983834
Michigan-4,Michigan,2015-12-24 03:00:00,2015-12-26 00:00:00,Severe Weather,26129,Michigan,Ogemaw,2015-12-24 08:15:00,108.25,2015-12-28 20:30:00,231,9196,3456.482678983834
Michigan-4,Michigan,2015-12-24 03:00:00,2015-12-26 00:00:00,Severe Weather,26129,Michigan,Ogemaw,2015-12-24 08:15:00,108.25,2015-12-28 20:30:00,231,9196,3456.482678983834
Michigan-4,Michigan,2015-12-24 03:00:00,2015-12-26 00:00:00,Severe Weather,26129,Michigan,Ogemaw,2015-12-24 08:15:00,108.25,2015-12-28 20:30:00,231,9196,3456.482678983834
Michigan-4,Michigan,2015-12-24 03:00:00,2015-12-26 00:00:00,Severe Weather,26129,Michigan,Ogemaw,2015-12-24 08:15:00,108.25,2015-12-28 20:30:00,231,9196,3456.482678983834
Michigan-4,Michigan,2015-12-24 03:00:00,2015-12-26 00:00:00,Severe Weather,26129,Michigan,Ogemaw,2015-12-24 08:15:00,108.25,2015-12-28 20:30:00,231,9196,3456.482678983834
Michigan-4,Michigan,2015-12-24 03:00:00,2015-12-26 00:00:00,Severe Weather,26129,Michigan,Ogemaw,2015-12-24 08:15:00,108.25,2015-12-28 20:30:00,231,9196,3456.482678983834
South Carolina-4,South Carolina,2016-10-08 08:21:00,2016-10-13 17:30:00,Severe Weather,45013,South Carolina,Beaufort,2016-10-08 22:30:00,185.0,2016-10-16 15:30:00,244,47719,17065.764864864865
South Carolina-4,South Carolina,2016-10-08 08:21:00,2016-10-13 17:30:00,Severe Weather,45033,South Carolina,Dillon,2016-10-08 22:30:00,173.0,2016-10-16 03:30:00,852,10353,6053.202312138728
South Carolina-4,South Carolina,2016-10-08 08:21:00,2016-10-13 17:30:00,Severe Weather,45089,South Carolina,Williamsburg,2016-10-08 22:30:00,165.25,2016-10-15 19:45:00,305,6579,3317.3419062027233
South Carolina-4,South Carolina,2016-10-08 08:21:00,2016-10-13 17:30:00,Severe Weather,45041,South Carolina,Florence,2016-10-08 22:30:00,163.75,2016-10-15 18:15:00,348,48077,22731.52824427481
Georgia-2,Georgia,2016-10-07 16:22:00,2016-10-12 11:00:00,Severe Weather,13051,Georgia,Chatham,2016-10-08 22:30:00,153.0,2016-10-15 07:30:00,214,114943,46272.709150326795
South Carolina-4,South Carolina,2016-10-08 08:21:00,2016-10-13 17:30:00,Severe Weather,45053,South Carolina,Jasper,2016-10-08 22:30:00,149.75,2016-10-15 04:15:00,220,6681,3064.2621035058432
South Carolina-4,South Carolina,2016-10-08 08:21:00,2016-10-13 17:30:00,Severe Weather,45031,South Carolina,Darlington,2016-10-08 22:30:00,143.5,2016-10-14 22:00:00,209,20197,8451.080139372822
North Carolina-3,North Carolina,2016-10-08 08:21:00,2016-10-13 17:30:00,Severe Weather,37125,North Carolina,Moore,2016-10-08 22:30:00,142.5,2016-10-14 21:00:00,313,20868,8049.078947368421
North Carolina-3,North Carolina,2016-10-08 08:21:00,2016-10-13 17:30:00,Severe Weather,37107,North Carolina,Lenoir,2016-10-08 22:30:00,141.25,2016-10-14 19:45:00,289,10490,3913.3964601769912
South Carolina-4,South Carolina,2016-10-08 08:21:00,2016-10-13 17:30:00,Severe Weather,45061,South Carolina,Lee,2016-10-08 22:30:00,141.25,2016-10-14 19:45:00,204,5517,2616.214159292035
Texas-5,Texas,2017-08-26 06:26:00,2017-09-08 00:00:00,Severe Weather,48245,Texas,Jefferson,2017-08-28 00:15:00,331.25,2017-09-10 19:30:00,282.0,20255.0,6314.094339622641
Texas-12,Texas,2017-08-27 05:10:00,2017-09-08 00:00:00,Severe Weather,48245,Texas,Jefferson,2017-08-28 00:15:00,331.25,2017-09-10 19:30:00,282.0,20255.0,6314.094339622641
Texas-5,Texas,2017-08-26 06:26:00,2017-09-08 00:00:00,Severe Weather,48361,Texas,Orange,2017-08-29 17:45:00,292.75,2017-09-10 22:30:00,333.0,30535.0,11547.373185311699
Texas-12,Texas,2017-08-27 05:10:00,2017-09-08 00:00:00,Severe Weather,48361,Texas,Orange,2017-08-29 17:45:00,292.75,2017-09-10 22:30:00,333.0,30535.0,11547.373185311699
Texas-5,Texas,2017-08-26 06:26:00,2017-09-08 00:00:00,Severe Weather,48199,Texas,Hardin,2017-08-28 02:15:00,285.25,2017-09-08 23:30:00,218.0,14413.0,3874.8606485539
Texas-12,Texas,2017-08-27 05:10:00,2017-09-08 00:00:00,Severe Weather,48199,Texas,Hardin,2017-08-28 02:15:00,285.25,2017-09-08 23:30:00,218.0,14413.0,3874.8606485539
Texas-3,Texas,2017-08-25 18:30:00,2017-09-05 17:00:00,Severe Weather,48291,Texas,Liberty,2017-08-27 19:45:00,216.5,2017-09-05 20:15:00,253.0,6321.0,2201.310623556582
Texas-5,Texas,2017-08-26 06:26:00,2017-09-08 00:00:00,Severe Weather,48291,Texas,Liberty,2017-08-27 19:45:00,216.5,2017-09-05 20:15:00,253.0,6321.0,2201.310623556582
Texas-12,Texas,2017-08-27 05:10:00,2017-09-08 00:00:00,Severe Weather,48291,Texas,Liberty,2017-08-27 19:45:00,216.5,2017-09-05 20:15:00,253.0,6321.0,2201.310623556582
Georgia-5,Georgia,2017-09-11 02:27:00,2017-09-15 20:44:00,Severe Weather,13311,Georgia,White,2017-09-11 21:15:00,166.5,2017-09-18 19:45:00,338.0,11671.0,5602.405405405405
North Carolina-4,North Carolina,2018-09-13 20:56:00,2018-09-20 19:00:00,Severe Weather,37141,North Carolina,Pender,2018-09-15 04:00:00,194.0,2018-09-23 06:00:00,202.0,20660.0,10755.32087628866
North Carolina-4,North Carolina,2018-09-13 20:56:00,2018-09-20 19:00:00,Severe Weather,37049,North Carolina,Craven,2018-09-15 04:00:00,185.0,2018-09-22 21:00:00,328.0,16642.0,8415.41081081081
North Carolina-4,North Carolina,2018-09-13 20:56:00,2018-09-20 19:00:00,Severe Weather,37103,North Carolina,Jones,2018-09-15 04:00:00,184.5,2018-09-22 20:30:00,273.0,4309.0,2758.59891598916
Florida-3,Florida,2018-10-10 16:00:00,2018-10-19 06:00:00,Severe Weather,12039,Florida,Gadsden,2018-10-10 19:00:00,182.0,2018-10-18 09:00:00,8016.0,15112.0,12192.607142857143
Florida-3,Florida,2018-10-10 16:00:00,2018-10-19 06:00:00,Severe Weather,12077,Florida,Liberty,2018-10-10 19:00:00,182.0,2018-10-18 09:00:00,1918.0,3308.0,2626.043956043956
North Carolina-3,North Carolina,2018-09-13 20:30:00,2018-09-19 17:00:00,Severe Weather,37133,North Carolina,Onslow,2018-09-15 04:00:00,178.0,2018-09-22 14:00:00,202.0,71864.0,32697.28511235955
North Carolina-4,North Carolina,2018-09-13 20:56:00,2018-09-20 19:00:00,Severe Weather,37133,North Carolina,Onslow,2018-09-15 04:00:00,178.0,2018-09-22 14:00:00,202.0,71864.0,32697.28511235955
North Carolina-3,North Carolina,2018-09-13 20:30:00,2018-09-19 17:00:00,Severe Weather,37153,North Carolina,Richmond,2018-09-15 04:00:00,168.25,2018-09-22 04:15:00,266.0,18446.0,3793.332838038633
North Carolina-4,North Carolina,2018-09-13 20:56:00,2018-09-20 19:00:00,Severe Weather,37153,North Carolina,Richmond,2018-09-15 04:00:00,168.25,2018-09-22 04:15:00,266.0,18446.0,3793.332838038633
North Carolina-3,North Carolina,2018-09-13 20:30:00,2018-09-19 17:00:00,Severe Weather,37013,North Carolina,Beaufort,2018-09-15 04:00:00,162.75,2018-09-21 22:45:00,202.0,7573.0,2924.1013824884794
Texas-5,Texas,2019-05-08 15:50:00,2019-05-13 00:00:00,Severe Weather/Distribution Interruption,48183,Texas,Gregg,2019-05-08 18:15:00,151.5,2019-05-15 01:45:00,283.0,39042.0,10016.059405940594
Texas-20,Texas,2019-10-20 22:15:00,2019-10-25 02:00:00,Severe Weather,48113,Texas,Dallas,2019-10-21 02:15:00,124.5,2019-10-26 06:45:00,267.0,83944.0,20299.793172690763
Texas-20,Texas,2019-10-20 22:15:00,2019-10-25 02:00:00,Severe Weather,48113,Texas,Dallas,2019-10-21 02:15:00,124.5,2019-10-26 06:45:00,267.0,83944.0,20299.793172690763
Texas-20,Texas,2019-10-20 22:15:00,2019-10-25 02:00:00,Severe Weather,48113,Texas,Dallas,2019-10-21 02:15:00,124.5,2019-10-26 06:45:00,267.0,83944.0,20299.793172690763
Texas-20,Texas,2019-10-20 22:15:00,2019-10-25 02:00:00,Severe Weather,48113,Texas,Dallas,2019-10-21 02:15:00,124.5,2019-10-26 06:45:00,267.0,83944.0,20299.793172690763
Texas-20,Texas,2019-10-20 22:15:00,2019-10-25 02:00:00,Severe Weather,48113,Texas,Dallas,2019-10-21 02:15:00,124.5,2019-10-26 06:45:00,267.0,83944.0,20299.793172690763
Texas-20,Texas,2019-10-20 22:15:00,2019-10-25 02:00:00,Severe Weather,48113,Texas,Dallas,2019-10-21 02:15:00,124.5,2019-10-26 06:45:00,267.0,83944.0,20299.793172690763
Texas-20,Texas,2019-10-20 22:15:00,2019-10-25 02:00:00,Severe Weather,48113,Texas,Dallas,2019-10-21 02:15:00,124.5,2019-10-26 06:45:00,267.0,83944.0,20299.793172690763
Texas-20,Texas,2019-10-20 22:15:00,2019-10-25 02:00:00,Severe Weather,48113,Texas,Dallas,2019-10-21 02:15:00,124.5,2019-10-26 06:45:00,267.0,83944.0,20299.793172690763
Texas-20,Texas,2019-10-20 22:15:00,2019-10-25 02:00:00,Severe Weather,48113,Texas,Dallas,2019-10-21 02:15:00,124.5,2019-10-26 06:45:00,267.0,83944.0,20299.793172690763
Louisiana-6,Louisiana,2020-08-27 05:00:00,2020-09-03 12:00:00,Severe Weather,22073,Louisiana,Ouachita,2020-08-27 09:45:00,230.0,2020-09-05 23:45:00,304.0,117688.0,22631.081521739132
Louisiana-6,Louisiana,2020-08-27 05:00:00,2020-09-03 12:00:00,Severe Weather,22013,Louisiana,Bienville,2020-08-27 09:15:00,207.25,2020-09-05 00:30:00,201.0,5882.0,2077.0144752714114
New York-3,New York,2020-08-04 14:35:00,2020-08-10 11:00:00,Severe Weather,36047,New York,Kings,2020-08-04 16:30:00,204.0,2020-08-13 04:30:00,207.0,23146.0,2669.7622549019607
New York-3,New York,2020-08-04 14:35:00,2020-08-10 11:00:00,Severe Weather,36119,New York,Westchester,2020-08-04 16:30:00,203.25,2020-08-13 03:45:00,207.0,124918.0,51890.73431734317
Louisiana-6,Louisiana,2020-08-27 05:00:00,2020-09-03 12:00:00,Severe Weather,22061,Louisiana,Lincoln,2020-08-27 12:15:00,199.5,2020-09-04 19:45:00,205.0,12154.0,5805.701754385965
Louisiana-6,Louisiana,2020-08-27 05:00:00,2020-09-03 12:00:00,Severe Weather,22039,Louisiana,Evangeline,2020-08-27 05:15:00,186.0,2020-09-03 23:15:00,209.0,14085.0,2673.337365591398
Louisiana-6,Louisiana,2020-08-27 05:00:00,2020-09-03 12:00:00,Severe Weather,22031,Louisiana,De Soto,2020-08-27 08:30:00,185.25,2020-09-04 01:45:00,260.0,12118.0,3206.7759784075574
New York-3,New York,2020-08-04 14:35:00,2020-08-10 11:00:00,Severe Weather,36005,New York,Bronx,2020-08-04 16:45:00,181.0,2020-08-12 05:45:00,211.0,23271.0,10233.468232044199
Louisiana-6,Louisiana,2020-08-27 05:00:00,2020-09-03 12:00:00,Severe Weather,22049,Louisiana,Jackson,2020-08-29 01:45:00,178.25,2020-09-05 12:00:00,226.0,8308.0,3523.1023842917252
Oklahoma-7,Oklahoma,2020-10-26 13:00:00,2020-11-07 19:00:00,Severe Weather,40109,Oklahoma,Oklahoma,2020-10-26 13:30:00,177.5,2020-11-02 23:00:00,1522.0,193316.0,133193.44366197183
Texas-1,Texas,2021-02-10 15:00:00,2021-02-23 15:00:00,Severe Weather,48027,Texas,Bell,2021-02-11 17:15:00,166.0,2021-02-18 15:15:00,256.0,53031.0,18905.10843373494
Texas-1,Texas,2021-02-10 15:00:00,2021-02-23 15:00:00,Severe Weather,48293,Texas,Limestone,2021-02-11 18:45:00,164.5,2021-02-18 15:15:00,712.0,7299.0,3145.468085106383
Texas-1,Texas,2021-02-10 15:00:00,2021-02-23 15:00:00,Severe Weather,48161,Texas,Freestone,2021-02-11 19:30:00,163.75,2021-02-18 15:15:00,339.0,5683.0,1938.4106870229007
Texas-1,Texas,2021-02-10 15:00:00,2021-02-23 15:00:00,Severe Weather,48265,Texas,Kerr,2021-02-11 20:45:00,162.5,2021-02-18 15:15:00,214.0,24388.0,7739.707692307692
Louisiana-20,Louisiana,2021-08-29 18:00:00,2021-09-03 13:41:00,Severe Weather,22037,Louisiana,East Feliciana,2021-08-30 18:45:00,156.5,2021-09-06 07:15:00,1440.0,8648.0,3347.276357827476
Louisiana-22,Louisiana,2021-08-29 22:39:00,2021-09-03 08:38:00,Severe Weather,22037,Louisiana,East Feliciana,2021-08-30 18:45:00,156.5,2021-09-06 07:15:00,1440.0,8648.0,3347.276357827476
Oregon-2,Oregon,2021-02-12 21:00:00,2021-02-20 17:15:00,Severe Weather,41053,Oregon,Polk,2021-02-12 21:45:00,137.5,2021-02-18 15:15:00,227.0,23943.0,8170.841818181818
Oregon-2,Oregon,2021-02-12 21:00:00,2021-02-20 17:15:00,Severe Weather,41053,Oregon,Polk,2021-02-12 21:45:00,137.5,2021-02-18 15:15:00,227.0,23943.0,8170.841818181818
Oregon-2,Oregon,2021-02-12 21:00:00,2021-02-20 17:15:00,Severe Weather,41053,Oregon,Polk,2021-02-12 21:45:00,137.5,2021-02-18 15:15:00,227.0,23943.0,8170.841818181818
Oregon-2,Oregon,2021-02-12 21:00:00,2021-02-20 17:15:00,Severe Weather,41053,Oregon,Polk,2021-02-12 21:45:00,137.5,2021-02-18 15:15:00,227.0,23943.0,8170.841818181818
Florida-4,Florida,2022-09-28 15:00:00,2022-10-03 15:53:00,Severe Weather,12105,Florida,Polk,2022-09-28 15:00:00,161.5,2022-10-05 08:30:00,200,203470,57264.87306501548
Florida-4,Florida,2022-09-28 15:00:00,2022-10-03 15:53:00,Severe Weather,12105,Florida,Polk,2022-09-28 15:00:00,161.5,2022-10-05 08:30:00,200,203470,57264.87306501548
Florida-4,Florida,2022-09-28 15:00:00,2022-10-03 15:53:00,Severe Weather,12105,Florida,Polk,2022-09-28 15:00:00,161.5,2022-10-05 08:30:00,200,203470,57264.87306501548
Florida-4,Florida,2022-09-28 15:00:00,2022-10-03 15:53:00,Severe Weather,12105,Florida,Polk,2022-09-28 15:00:00,161.5,2022-10-05 08:30:00,200,203470,57264.87306501548
Florida-4,Florida,2022-09-28 15:00:00,2022-10-03 15:53:00,Severe Weather,12105,Florida,Polk,2022-09-28 15:00:00,161.5,2022-10-05 08:30:00,200,203470,57264.87306501548
Florida-4,Florida,2022-09-28 15:00:00,2022-10-03 15:53:00,Severe Weather,12105,Florida,Polk,2022-09-28 15:00:00,161.5,2022-10-05 08:30:00,200,203470,57264.87306501548
Florida-4,Florida,2022-09-28 15:00:00,2022-10-03 15:53:00,Severe Weather,12105,Florida,Polk,2022-09-28 15:00:00,161.5,2022-10-05 08:30:00,200,203470,57264.87306501548
Florida-4,Florida,2022-09-28 15:00:00,2022-10-03 15:53:00,Severe Weather,12105,Florida,Polk,2022-09-28 15:00:00,161.5,2022-10-05 08:30:00,200,203470,57264.87306501548
Florida-4,Florida,2022-09-28 15:00:00,2022-10-03 15:53:00,Severe Weather,12105,Florida,Polk,2022-09-28 15:00:00,161.5,2022-10-05 08:30:00,200,203470,57264.87306501548
Florida-4,Florida,2022-09-28 15:00:00,2022-10-03 15:53:00,Severe Weather,12105,Florida,Polk,2022-09-28 15:00:00,161.5,2022-10-05 08:30:00,200,203470,57264.87306501548
Texas-9,Texas,2023-01-31 08:15:00,2023-02-06 17:00:00,Severe Weather,48453,Texas,Travis,2023-01-31 22:15:00,178.75,2023-02-08 09:00:00,221,185025,71415.2965034965
Texas-9,Texas,2023-01-31 08:15:00,2023-02-06 17:00:00,Severe Weather,48453,Texas,Travis,2023-01-31 22:15:00,178.75,2023-02-08 09:00:00,221,185025,71415.2965034965
Texas-9,Texas,2023-01-31 08:15:00,2023-02-06 17:00:00,Severe Weather,48453,Texas,Travis,2023-01-31 22:15:00,178.75,2023-02-08 09:00:00,221,185025,71415.2965034965
Texas-9,Texas,2023-01-31 08:15:00,2023-02-06 17:00:00,Severe Weather,48453,Texas,Travis,2023-01-31 22:15:00,178.75,2023-02-08 09:00:00,221,185025,71415.2965034965
Texas-9,Texas,2023-01-31 08:15:00,2023-02-06 17:00:00,Severe Weather,48453,Texas,Travis,2023-01-31 22:15:00,178.75,2023-02-08 09:00:00,221,185025,71415.2965034965
Texas-9,Texas,2023-01-31 08:15:00,2023-02-06 17:00:00,Severe Weather,48453,Texas,Travis,2023-01-31 22:15:00,178.75,2023-02-08 09:00:00,221,185025,71415.2965034965
Texas-9,Texas,2023-01-31 08:15:00,2023-02-06 17:00:00,Severe Weather,48453,Texas,Travis,2023-01-31 22:15:00,178.75,2023-02-08 09:00:00,221,185025,71415.2965034965
Texas-9,Texas,2023-01-31 08:15:00,2023-02-06 17:00:00,Severe Weather,48453,Texas,Travis,2023-01-31 22:15:00,178.75,2023-02-08 09:00:00,221,185025,71415.2965034965
Texas-9,Texas,2023-01-31 08:15:00,2023-02-06 17:00:00,Severe Weather,48453,Texas,Travis,2023-01-31 22:15:00,178.75,2023-02-08 09:00:00,221,185025,71415.2965034965
Texas-9,Texas,2023-01-31 08:15:00,2023-02-06 17:00:00,Severe Weather,48453,Texas,Travis,2023-01-31 22:15:00,178.75,2023-02-08 09:00:00,221,185025,71415.2965034965
